"Approach","Mean (in seconds)","p99 (in seconds)","p95 (in seconds)","p50 (in seconds)"
"with-index",0.006745974222819011,0.006745974222819011,0.006745974222819011,0.006745974222819011
"no-index",6012.339916388194,6012.339916388194,6012.339916388194,6012.339916388194
