"Approach","Mean (in seconds)","p99 (in seconds)","p95 (in seconds)","p50 (in seconds)"
0
1
2
finished timer
"no-index",6012.339916388194,6012.339916388194,6012.339916388194,6012.339916388194
